Date,Adj Close,Daily Return
2020-01-02,3186.444136016913,-1.1904969776466157
2020-01-03,3219.099129055978,1.024809839593921
2020-01-06,3256.2235460468173,1.1532548549297417
2020-01-07,3161.721735565721,-2.902190502117874
2020-01-08,3155.0799075299005,-0.2100699742519141
2020-01-09,3239.1047472282007,2.6631604320945135
2020-01-10,3191.873193985949,-1.4581668988219443
2020-01-13,3123.385089307027,-2.145702555100415
2020-01-14,3167.3441618585452,1.4074176348607415
2020-01-15,3110.4026261140957,-1.7977691351052094
2020-01-16,3103.6443741516778,-0.2172790077296538
2020-01-17,3132.3863264839642,0.9260710592895238
2020-01-20,3017.981551748245,-3.6523200784156273
2020-01-21,3020.757023430955,0.09196450127744171
2020-01-22,3072.2458896700296,1.7045020781113251
2020-01-23,3043.076061190829,-0.9494626903816417
2020-01-24,3102.7873349127863,1.9622011583434018
2020-01-27,3035.0311155824334,-2.183721022963936
2020-01-28,3003.174485367201,-1.0496310911500717
2020-01-29,3140.4294599555155,4.570329671388773
2020-01-30,3049.215557560583,-2.9045040991375948
2020-01-31,3057.2381338947775,0.26310295821174723
2020-02-03,2975.981665425181,-2.657839033496545
2020-02-04,3013.3572895850657,1.2559090868775602
2020-02-05,3039.4799063722903,0.8668941076954706
2020-02-06,2969.7414490911538,-2.2944207374073877
2020-02-07,3039.4333799550245,2.346733951711477
2020-02-10,2983.9738956172723,-1.8246652387088336
2020-02-11,2992.778493699021,0.29506283867564154
2020-02-12,2970.635201652686,-0.739890776846841
2020-02-13,3086.6917925650755,3.906793767468386
2020-02-14,2986.7603731782037,-3.2374926329728493
2020-02-17,2927.907039042777,-1.9704739176247044
2020-02-18,3015.277182171203,2.984047716111582
2020-02-19,2906.465105142965,-3.6086923507936297
2020-02-20,2971.3078184672254,2.230981999732995
2020-02-21,2856.238483598471,-3.8726830708544435
2020-02-24,2881.17003842301,0.8728807124371629
2020-02-25,2950.7797537368597,2.416022462594758
2020-02-26,2971.2173720186456,0.692617544766061
2020-02-27,2936.219808153846,-1.177886350368984
2020-02-28,2915.2263310504068,-0.7149831577711097
2020-03-02,2899.3109114658264,-0.5459411303699979
2020-03-03,2833.7973478023914,-2.2596253269820177
2020-03-04,2865.0885879764996,1.1042158748004516
2020-03-05,2871.406210923717,0.22050358141558757
2020-03-06,2940.6516118581244,2.4115501551461582
2020-03-09,2898.3337661010733,-1.4390635594643486
2020-03-10,2786.3581949299855,-3.8634463870501956
2020-03-11,2884.071752243334,3.506855561181843
2020-03-12,2841.9707908282503,-1.4597751038037066
2020-03-13,2820.7361559092396,-0.747179914288354
2020-03-16,2878.5234214420534,2.048659014482923
2020-03-17,2892.846934200279,0.49759931260346946
2020-03-18,2881.2183151067634,-0.4019783748679506
2020-03-19,2786.050784065293,-3.303030892955572
2020-03-20,2805.908392509337,0.7127511299369838
2020-03-23,2831.289533947547,0.9045605874364204
2020-03-24,2856.860969808959,0.9031727612032192
2020-03-25,2777.4823526360483,-2.778525731975634
2020-03-26,2785.515466770594,0.28922286857813173
2020-03-27,2732.839017978955,-1.8910844122043136
2020-03-30,2721.7027865506952,-0.407496795639839
2020-03-31,2815.49675994991,3.4461504710469493
2020-04-01,2836.0398213342132,0.7296425155420394
2020-04-02,2757.9846649021274,-2.752258830955512
2020-04-03,2805.1191669512173,1.7090197291130593
2020-04-06,2766.3816743844695,-1.3809571095280804
2020-04-07,2709.401236477304,-2.0597460731749506
2020-04-08,2753.0843555584524,1.612279439937958
2020-04-09,2805.273754681802,1.8956701787208097
2020-04-10,2719.9379754784777,-3.041976885888764
2020-04-13,2793.318811300148,2.6978863666463404
2020-04-14,2577.4567243804318,-7.727799850359485
2020-04-15,2742.896455879152,6.418720048092719
2020-04-16,2699.5110351477715,-1.5817374599900735
2020-04-17,2673.5656652880416,-0.9611136802895048
2020-04-20,2686.4614227135817,0.482343022016285
2020-04-21,2575.852289232234,-4.117279799596818
2020-04-22,2657.6044916458745,3.1737923310038774
2020-04-23,2679.8010656888096,0.8352098332430336
2020-04-24,2729.19749042577,1.8432870025097747
2020-04-27,2622.7466283504837,-3.900445550339393
2020-04-28,2601.5928101949785,-0.8065521055996672
2020-04-29,2610.286989235883,0.334186772304812
2020-04-30,2674.5022983756853,2.460086166946729
2020-05-01,2638.527099049038,-1.3451175326525733
2020-05-04,2588.9588844531736,-1.8786320069909324
2020-05-05,2634.4676173726652,1.7578005271838837
2020-05-06,2607.015474259871,-1.0420375992388209
2020-05-07,2643.951197394586,1.4167818909936125
2020-05-08,2553.773644249545,-3.4107117118464148
2020-05-11,2565.8505426889965,0.47290402838346957
2020-05-12,2555.985593437749,-0.38447092249220827
2020-05-13,2495.7726047632227,-2.3557640085733356
2020-05-14,2577.1117170985294,3.2590754534315147
2020-05-15,2568.715817929767,-0.32578716370956773
2020-05-18,2549.276078228367,-0.7567882583861429
2020-05-19,2530.648399802959,-0.7307046335426226
2020-05-20,3273.0473785254753,29.336314708132537
2020-05-21,3324.2218086460084,1.563510215473496
2020-05-22,3329.5565081142176,0.16047964832954786
2020-05-25,3308.016529635755,-0.6469323594889942
2020-05-26,3341.504266669816,1.0123207285710922
2020-05-27,3371.2092542501227,0.8889705117722579
2020-05-28,3446.7541656262024,2.240884670117693
2020-05-29,3362.611920363548,-2.4412023956274065
2020-06-01,3368.198708414374,0.16614430041697048
2020-06-02,3353.0370522462076,-0.4501413806225152
2020-06-03,3262.258946425844,-2.707339776026374
2020-06-04,3358.3099725746147,2.9443102992791292
2020-06-05,3364.085336000407,0.17197231562768867
2020-06-08,3485.6740902839,3.6143183700580783
2020-06-09,3354.3320955768595,-3.768051496069247
2020-06-10,3380.4656700888763,0.7790991997028929
2020-06-11,3365.0908736432134,-0.4548129738959461
2020-06-12,3309.830719403779,-1.6421593447075944
2020-06-15,3426.8439211667865,3.5353228513174795
2020-06-16,3408.7375912316543,-0.5283675110877906
2020-06-17,3412.1306961057476,0.09954139276726615
2020-06-18,3328.547885170138,-2.449578236584027
2020-06-19,3445.5951326129602,3.516465782700884
2020-06-22,3306.8010230828213,-4.028160715007878
2020-06-23,3407.674590068729,3.050487957447956
2020-06-24,3489.2926758254944,2.395125579027768
2020-06-25,3331.681237434741,-4.517002528412606
2020-06-26,3354.3313263674163,0.6798396160526687
2020-06-29,3389.066940258217,1.0355451060470422
2020-06-30,3360.348748454305,-0.8473775322278998
2020-07-01,3309.4275187630883,-1.5153555033429078
2020-07-02,3391.8269982129764,2.489840885854644
2020-07-03,3336.72182294265,-1.6246458118105433
2020-07-06,3414.954789316994,2.3446055897266893
2020-07-07,3346.742115229825,-1.9974693164477308
2020-07-08,3471.648206348672,3.7321695791989518
2020-07-09,3356.4269806372627,-3.3189199729598773
2020-07-10,3380.924728600071,0.7298757906587072
2020-07-13,3439.1418244351185,1.7219281855811452
2020-07-14,3338.360906901217,-2.930408883339808
2020-07-15,3412.715278609401,2.2272718193672603
2020-07-16,3468.1375787495963,1.6239942572290555
2020-07-17,3323.844438463693,-4.160536801366643
2020-07-20,3414.88845227465,2.7391177745080597
2020-07-21,3420.089058216736,0.15229211773000184
2020-07-22,3447.62422124946,0.8051007609457095
2020-07-23,3348.1237012729703,-2.886060475013996
2020-07-24,3345.3865653189405,-0.0817513389062996
2020-07-27,3438.944633410279,2.7966295154419285
2020-07-28,3429.1349479473733,-0.28525278853290814
2020-07-29,3428.248515959288,-0.025850017614970078
2020-07-30,3434.4844430731227,0.18189833918997866
2020-07-31,3384.5989556756294,-1.4524883785135612
2020-08-03,3431.6510357688844,1.3901818416138578
2020-08-04,3436.130133732048,0.13052311894410362
2020-08-05,3387.1970983220754,-1.424073987466401
2020-08-06,3517.641553936912,3.851103193240668
2020-08-07,3449.4826335815437,-1.9376312029031229
2020-08-10,3367.663971832101,-2.371911107854785
2020-08-11,3461.4949862802055,2.7862344709248976
2020-08-12,3381.371381493428,-2.314710987719204
2020-08-13,3470.8978543481962,2.6476379774417858
2020-08-14,3490.911562267724,0.5766147192852511
2020-08-17,3393.3858265560484,-2.793703993129004
2020-08-18,3484.02690809213,2.671110394424936
2020-08-19,3457.935307133019,-0.7488920621855577
2020-08-20,3479.8374279421982,0.6333872343996738
2020-08-21,3535.012228231451,1.5855568379779195
2020-08-24,3429.34133245489,-2.9892653533882596
2020-08-25,3405.3620891934393,-0.6992375776220916
2020-08-26,3400.011335086317,-0.15712731765300525
2020-08-27,3405.1347014756016,0.15068674437681562
2020-08-28,3443.5082894094485,1.1269330378389508
2020-08-31,3465.8591327772656,0.6490718618728852
2020-09-01,3464.074233159214,-0.051499485399486566
2020-09-02,3493.0370148007946,0.8360900977334662
2020-09-03,3453.7661060991686,-1.1242625982841314
2020-09-04,3527.230874519419,2.1270915911333788
2020-09-07,3442.7594881559353,-2.394835761211489
2020-09-08,3593.4389473035944,4.376705943765136
2020-09-09,3490.152015518643,-2.8743199286147547
2020-09-10,3417.448929465859,-2.0830922472579005
2020-09-11,3408.2003415398976,-0.2706284166009931
2020-09-14,3487.306746361392,2.321060879471437
2020-09-15,3453.44814548922,-0.9709097402314626
2020-09-16,3501.7594686163975,1.3989300285362605
2020-09-17,3491.15948429675,-0.30270452367293643
2020-09-18,3465.2943165915094,-0.7408761421980992
2020-09-21,3428.034235477213,-1.0752356859242473
2020-09-22,3396.0697193026194,-0.932444485057593
2020-09-23,3450.924492089842,1.6152428342515623
2020-09-24,3517.508338565646,1.9294495323913141
2020-09-25,3486.8312452122627,-0.8721256753549844
2020-09-28,3415.2777782264334,-2.05210582198605
2020-09-29,3487.661922610872,2.1194218767771167
2020-09-30,3499.7069044610344,0.34535978880503304
2020-10-01,3437.686322820816,-1.772165022195482
2020-10-02,3491.003609084429,1.5509642607491658
2020-10-05,3487.6659488657324,-0.09560746972622214
2020-10-06,3429.045157208181,-1.680802935746073
2020-10-07,3505.5211992734066,2.2302430723160738
2020-10-08,3517.109216730684,0.3305647519598276
2020-10-09,3544.660711727316,0.7833562536406768
2020-10-12,3544.6364113265777,-0.0006855494140256546
2020-10-13,3424.5009994832576,-3.3892167743760027
2020-10-14,3447.931375041636,0.6841982397410185
2020-10-15,3522.012549554105,2.148568705535059
2020-10-16,3523.388242895562,0.039059864838675296
2020-10-19,3524.8894888215345,0.04260801882958187
2020-10-20,3693.211838195248,4.775251817326853
2020-10-21,3530.5579483534502,-4.404131064447192
2020-10-22,3560.229863984102,0.8404313444136946
2020-10-23,3552.5898293060122,-0.21459385966556832
2020-10-26,3538.8974628529218,-0.3854192887717933
2020-10-27,3492.002597211894,-1.3251264308523525
2020-10-28,3547.152679624855,1.5793253549408526
2020-10-29,3472.0011170295934,-2.1186447097960692
2020-10-30,3500.239606575751,0.8133202897790737
2020-11-02,3489.2505186775766,-0.31395244707047576
2020-11-03,3519.0505621946277,0.8540528505343703
2020-11-04,3632.1279427152667,3.2132922935361075
2020-11-05,3424.469913908284,-5.717255341279193
2020-11-06,3553.5843422128773,3.770347865525192
2020-11-09,3440.073698290949,-3.1942577687981255
2020-11-10,3498.55105771724,1.6998868208940587
2020-11-11,3578.03334001136,2.2718628650222117
2020-11-12,3528.237970274044,-1.391696639058082
2020-11-13,3472.5748895790857,-1.5776453052183115
2020-11-16,3492.135102168833,0.5632769115633929
2020-11-17,3563.3183342348448,2.0383871180070567
2020-11-18,3494.2582743585344,-1.938082803683594
2020-11-19,3543.03769457977,1.395987828924583
2020-11-20,3535.931516252142,-0.20056739273474067
2020-11-23,3502.51106603294,-0.9451667846391287
2020-11-24,3643.7264470357773,4.03183254358086
2020-11-25,3569.663352841692,-2.0326194973922074
2020-11-26,3438.1484315491907,-3.684238772482751
2020-11-27,3550.1664357768223,3.2580909887348186
2020-11-30,3509.192555956212,-1.1541396878663401
2020-12-01,3586.341705090722,2.1984871991012067
2020-12-02,3505.5321605855556,-2.2532583660519356
2020-12-03,3540.859534590126,1.0077606590455312
2020-12-04,3573.2838797687737,0.915719611633814
2020-12-07,3592.760434684537,0.545060386218843
2020-12-08,3490.896013779522,-2.835268945895053
2020-12-09,3535.6239314965433,1.2812732759861056
2020-12-10,3530.039886886823,-0.15793661084754218
2020-12-11,3522.558849972465,-0.2119249967159842
2020-12-14,3644.936182771485,3.474103287159469
2020-12-15,3578.350715461758,-1.8267937755524044
2020-12-16,3496.495591353238,-2.287509822746858
2020-12-17,3606.871045579009,3.156745127856797
2020-12-18,3668.523917233182,1.7093173244921545
2020-12-21,3615.4775295663876,-1.4459872380170435
2020-12-22,3489.3239273974095,-3.4892652806531976
2020-12-23,3542.518881208078,1.5245060337618188
2020-12-24,3631.5143014670016,2.512207365527841
2020-12-25,3534.223429883011,-2.6790716904154466
2020-12-28,3593.2360337275413,1.6697474003923851
2020-12-29,3611.214924147977,0.5003537271606628
2020-12-30,3527.574857053886,-2.31611988903776
2020-12-31,3572.3832719859797,1.270232858205489
2021-01-01,3414.7343319418965,-4.412990657534966
2021-01-04,3527.0164760349153,3.288166316269936
2021-01-05,3567.0456096882517,1.1349290235904252
2021-01-06,3518.7230173159473,-1.3546951079363323
2021-01-07,3664.1709007670515,4.13354170633331
2021-01-08,3512.481425828718,-4.139803492969696
2021-01-11,3563.4244295481803,1.4503422949046163
2021-01-12,3593.4018419036142,0.8412529281344838
2021-01-13,3660.366636648895,1.863548739926224
2021-01-14,3517.948023792898,-3.8908291707735354
2021-01-15,3649.3374781158977,3.734832164499724
2021-01-18,3593.129102715409,-1.5402350628725192
2021-01-19,3544.980176268312,-1.3400277326720555
2021-01-20,3618.598941690153,2.0767045726991062
2021-01-21,3606.8849119119427,-0.32371727198756695
2021-01-22,3568.35924243161,-1.0681147422558324
2021-01-25,3603.29834969533,0.979136485145804
2021-01-26,3581.980724759021,-0.5916142064148366
2021-01-27,3608.3604310209516,0.7364558407473076
2021-01-28,3637.229256640722,0.800053824212954
2021-01-29,3684.861722878217,1.3095810815479725
2021-02-01,3545.1082662858867,-3.792637746069061
2021-02-02,3715.0888691163227,4.794792995377839
2021-02-03,3512.2709695636636,-5.459301424487906
2021-02-04,3603.7242639442898,2.6038222897132535
2021-02-05,3642.167538176578,1.0667651411879087
2021-02-08,3628.2394303953806,-0.38241260554890966
2021-02-09,3584.4930201738794,-1.2057200485452557
2021-02-10,3606.6600428033253,0.6184144453535767
2021-02-11,3593.8542677445275,-0.35505911027988724
2021-02-12,3590.474235786538,-0.09405033443692368
2021-02-15,3663.86073764108,2.0439222519157196
2021-02-16,3640.6695662445613,-0.632970875728478
2021-02-17,3589.611471339556,-1.4024369412265258
2021-02-18,3670.675104030531,2.2582843112189055
2021-02-19,3642.4982454589795,-0.7676206085526993
2021-02-22,3669.2145345133763,0.73346058814725
2021-02-23,3661.491029823889,-0.21049476984347226
2021-02-24,3589.997996337885,-1.9525661241191927
2021-02-25,3604.87685403042,0.4144530918321676
2021-02-26,3671.6887454527114,1.853375139502833
2021-03-01,3666.280737624502,-0.14728938652295298
2021-03-02,3636.155303810901,-0.8216892259352737
2021-03-03,3644.5049118308275,0.22962737623377638
2021-03-04,3703.9599466110894,1.6313610824685298
2021-03-05,3611.9362915361567,-2.484466797734386
2021-03-08,3670.3078891927303,1.6160749510824912
2021-03-09,3634.2815466688135,-0.9815618637879608
2021-03-10,3634.945278285427,0.018263076431757064
2021-03-11,3702.2063402024273,1.8504009487792628
2021-03-12,3689.9764742087496,-0.330339934348689
2021-03-15,3690.8192977156596,0.02284089106803222
2021-03-16,3716.8559154296245,0.7054427652440021
2021-03-17,3654.0703263098258,-1.6892123490490851
2021-03-18,3688.555941949216,0.9437589471414709
2021-03-19,3640.383114711075,-1.3060077709621032
2021-03-22,3673.54292932145,0.910888045721725
2021-03-23,3652.2656181349234,-0.5792040979484825
2021-03-24,3665.0607282592237,0.3503335042437161
2021-03-25,3691.4069404377133,0.718847902719566
2021-03-26,3622.1762141604736,-1.8754563610651531
2021-03-29,3769.1447712627005,4.0574656894844185
2021-03-30,3615.6626975597223,-4.0720662913555365
2021-03-31,3606.6922951516012,-0.24809843059131476
2021-04-01,3726.7454286222705,3.328621452738134
2021-04-02,3709.861178801694,-0.4530561623796836
2021-04-05,3702.922194112435,-0.18704162648750522
2021-04-06,3704.5716378793213,0.04454438090837343
2021-04-07,3673.980182930042,-0.8257757694973722
2021-04-08,3631.167962154376,-1.165281755589731
2021-04-09,3681.259067794633,1.3794764153663097
2021-04-12,3645.048913465622,-0.9836350461122079
2021-04-13,3729.101144868395,2.305928765242782
2021-04-14,3674.43044827868,-1.4660556114158174
2021-04-15,3641.9466166704415,-0.8840507955037213
2021-04-16,3668.5903435836976,0.7315792821152023
2021-04-19,3706.744367536408,1.0400186551066115
2021-04-20,3659.349726338708,-1.2786056036877325
2021-04-21,3647.8630933568656,-0.31389820161669135
2021-04-22,3702.596632866063,1.500427458718856
2021-04-23,3704.098760003183,0.040569559313774484
2021-04-26,3667.94143183547,-0.9761437399601558
2021-04-27,3671.174834479391,0.08815306089287045
2021-04-28,3707.7674057844683,0.9967537084151656
2021-04-29,3625.1988509980006,-2.2269076171728797
2021-04-30,3628.668038510319,0.09569647500478062
2021-05-03,3664.5571753228046,0.9890443664617887
2021-05-04,3691.2451879561145,0.7282738774831321
2021-05-05,3718.901082977887,0.7492294229602736
2021-05-06,3778.561674701744,1.6042532563432355
2021-05-07,3749.1150041706474,-0.7793089822576649
2021-05-10,3699.673255668655,-1.3187578521062004
2021-05-11,3708.157530927972,0.2293249882626025
2021-05-12,3660.420032247496,-1.287364365788679
2021-05-13,3711.059002836047,1.383419666115726
2021-05-14,3698.989886845939,-0.32522026679944194
2021-05-17,3730.9969059651307,0.8652907982531266
2021-05-18,3674.9375899268903,-1.5025291484056846
2021-05-19,3743.7046219728445,1.8712435344329759
2021-05-20,3795.812401067195,1.3918774143802715
2021-05-21,3715.1756071505033,-2.1243619388044754
2021-05-24,3742.137359834573,0.7257194688772506
2021-05-25,3757.9971324714616,0.42381588680084903
2021-05-26,3704.8670684478943,-1.4137867100666446
2021-05-27,3737.570875288987,0.8827255131394818
2021-05-28,3728.4340303938357,-0.24445944170743417
2021-05-31,3734.1263744384673,0.15267385712682824
2021-06-01,3692.030239474532,-1.1273355731101997
2021-06-02,3733.3443965365327,1.1190091733344065
2021-06-03,3758.4569615421383,0.6726559979010505
2021-06-04,3807.5523865258974,1.306265456439193
2021-06-07,3784.3969065966858,-0.6081460628395763
2021-06-08,3845.5306473242836,1.615415672204823
2021-06-09,3700.9423054605827,-3.7599061124192423
2021-06-10,3784.3638745972994,2.25406294536481
2021-06-11,3751.353102204463,-0.8722938249786871
2021-06-14,3853.1143077347087,2.712653348213112
2021-06-15,3704.647405962348,-3.853166293933452
2021-06-16,3704.5143872773465,-0.0035905896141996685
2021-06-17,3717.969006270464,0.36319521498757723
2021-06-18,3643.182011483455,-2.011501297102758
2021-06-21,3724.5272057711873,2.232806212572669
2021-06-22,3714.2964829338202,-0.2746851418218732
2021-06-23,3761.2109644915954,1.2630785338040296
2021-06-24,3772.217233112923,0.2926256656495596
2021-06-25,3850.3761354411395,2.071961859516702
2021-06-28,3805.5269445459276,-1.1648002511337352
2021-06-29,3730.598729009785,-1.968931415491082
2021-06-30,3715.9613373817674,-0.3923603874679604
2021-07-01,3786.9161886807906,1.909461505566079
2021-07-02,3697.7467289107126,-2.3546721217809985
2021-07-05,3856.7694867107425,4.30053136297075
2021-07-06,3825.6067136103693,-0.80800196142784
2021-07-07,3744.6140841253496,-2.117118552643482
2021-07-08,3683.854299432321,-1.6225913626349175
2021-07-09,3838.6428037514156,4.2018085336042565
2021-07-12,3766.6603519367936,-1.8752057822174817
2021-07-13,3835.716318954378,1.8333473306685555
2021-07-14,3695.5422795722666,-3.6544422925500197
2021-07-15,3746.733070520576,1.3852037691809205
2021-07-16,3778.402165810454,0.8452455697752104
2021-07-19,3781.9271696690616,0.0932935061943585
2021-07-20,3758.513025563142,-0.6191061608404436
2021-07-21,3813.5969549107595,1.465577715787325
2021-07-22,3730.511595980535,-2.178661245867519
2021-07-23,3778.2118023548796,1.2786505321613184
2021-07-26,3792.783717347819,0.3856828509152699
2021-07-27,3813.929036621442,0.5575145025250361
2021-07-28,3825.225997979229,0.29620271508234985
2021-07-29,3734.851308639171,-2.3625973834696445
2021-07-30,3715.8158638505633,-0.5096707530116706
2021-08-02,3857.8435726385496,3.8222483027134713
2021-08-03,3812.0135912988835,-1.1879688866783367
2021-08-04,3759.4117230283564,-1.3798971858493214
2021-08-05,3875.83180778859,3.096763359200594
2021-08-06,3805.4960998833867,-1.814725493605318
2021-08-09,3860.1153865282154,1.4352737517324687
2021-08-10,3805.964610551809,-1.4028279093778462
2021-08-11,3907.0642418816833,2.656347120243363
2021-08-12,3893.232046916024,-0.35403039492889476
2021-08-13,3794.45495652619,-2.5371488059151015
2021-08-16,3856.9198706541415,1.646215723829214
2021-08-17,3842.0482797419613,-0.3855820553943179
2021-08-18,3879.649219295601,0.9786691060572839
2021-08-19,3764.4096275462584,-2.970361113478859
2021-08-20,3848.396532731466,2.231077738475351
2021-08-23,3868.453343230303,0.521173177666312
2021-08-24,3729.033303722948,-3.6040253594201044
2021-08-25,3759.2455115670946,0.8101887374935446
2021-08-26,3717.884987468658,-1.1002347138853064
2021-08-27,3807.814413790715,2.4188329285378396
2021-08-30,3858.6000274590215,1.3337208211717577
2021-08-31,3899.2789264303046,1.0542398455864577
2021-09-01,3829.303972002772,-1.7945613983453401
2021-09-02,3908.468169416628,2.0673260204112864
2021-09-03,3759.470478383598,-3.812176140998713
2021-09-06,3744.7445884828653,-0.39170117135922666
2021-09-07,3828.5744846620723,2.2386011702114406
2021-09-08,3851.9933012101487,0.6116850185857947
2021-09-09,3832.5934505147584,-0.5036314754050975
2021-09-10,3732.294242073749,-2.617006205746608
2021-09-13,3832.6485042563836,2.688808965042244
2021-09-14,3773.31919036306,-1.547997783450139
2021-09-15,3873.464451986085,2.6540363157930846
2021-09-16,3859.7488960057053,-0.35409014721554666
2021-09-17,3795.8631535407753,-1.6551787224045267
2021-09-20,3818.6019561465882,0.5990416852778901
2021-09-21,3792.7727850752553,-0.6764038610978296
2021-09-22,3844.037665462324,1.3516464943220008
2021-09-23,3896.3668955073244,1.3613089828740321
2021-09-24,3800.7616363217658,-2.453702686361381
2021-09-27,3876.6884235707153,1.9976729538458748
2021-09-28,3826.4113760324803,-1.2969071033035462
2021-09-29,3814.7187744942653,-0.3055761754069075
2021-09-30,3850.4490572659347,0.936642643504082
2021-10-01,3805.476618298974,-1.1679790668077117
2021-10-04,3830.9944283088635,0.6705549020373791
2021-10-05,3800.22115810306,-0.8032710770448093
2021-10-06,3959.789468534602,4.198921688841728
2021-10-07,3864.754548643649,-2.399999309208789
2021-10-08,3829.443254801713,-0.9136749409953682
2021-10-11,3876.5666848943333,1.230555643657416
2021-10-12,3861.6894460293606,-0.3837735830250044
2021-10-13,3857.6955276935214,-0.10342412023695013
2021-10-14,3900.890501828633,1.1197092623050464
2021-10-15,3909.495711485107,0.22059603191733057
2021-10-18,3846.5334277584957,-1.6104962985799998
2021-10-19,3845.705732263068,-0.021517959247530083
2021-10-20,3862.1822185939996,0.428438561814648
2021-10-21,3762.2769043710828,-2.5867581737064382
2021-10-22,3803.051568654214,1.083776269518033
2021-10-25,3948.592994292648,3.826964294621349
2021-10-26,3963.935825751766,0.3885645211166189
2021-10-27,3870.6737972551628,-2.3527633290812977
2021-10-28,3913.39160654205,1.1036272112927792
2021-10-29,3901.5644252727184,-0.30222330036073775
2021-11-01,4041.384117124583,3.5836827644359914
2021-11-02,3944.8569814298303,-2.388467240362968
2021-11-03,3883.9205154403435,-1.544706595862444
2021-11-04,3843.97753214064,-1.028419174411832
2021-11-05,3812.8703973140628,-0.8092434091115597
2021-11-08,3904.8040542765825,2.4111403583841007
2021-11-09,3858.251494375286,-1.1921868358621412
2021-11-10,3826.3945053158977,-0.8256846166153409
2021-11-11,3866.6167057399352,1.0511775607078055
2021-11-12,3846.306108927621,-0.5252808426075228
2021-11-15,3986.1787500182495,3.636544703656619
2021-11-16,3947.341815268374,-0.9742898446211901
2021-11-17,3904.29935451135,-1.0904163553947854
2021-11-18,3980.133352677962,1.9423202803080963
2021-11-19,3911.442720272122,-1.7258374611901606
2021-11-22,3865.9482539796077,-1.1631121697558533
2021-11-23,3986.606827065784,3.121060220140559
2021-11-24,3938.8342845428137,-1.1983259096089882
2021-11-25,3861.464633798538,-1.9642778841419517
2021-11-26,3905.2481667669604,1.133858189071435
2021-11-29,3872.422347158183,-0.8405565589434172
2021-11-30,3848.5014324354843,-0.6177248393438695
2021-12-01,3965.3884555165628,3.0372087715998974
2021-12-02,4015.988569319767,1.2760443111899944
2021-12-03,3852.027517761584,-4.082707127474594
2021-12-06,3951.5425174433494,2.583444672264279
2021-12-07,3892.300086309009,-1.4992229204880303
2021-12-08,3901.914104733146,0.24700095601450922
2021-12-09,3898.0888368657174,-0.0980356759465395
2021-12-10,3885.94715374995,-0.311477845269692
2021-12-13,3933.010932787462,1.2111276138198512
2021-12-14,3890.4755047259487,-1.0814978343161363
2021-12-15,3946.9840109917723,1.4524832812127908
2021-12-16,3932.3874233866036,-0.36981623347140946
2021-12-17,3924.39008567202,-0.20337105309161663
2021-12-20,3892.3974640695405,-0.8152253191976211
2021-12-21,3910.3752397994836,0.46186896111959364
2021-12-22,3978.421526775468,1.7401472442699406
2021-12-23,3967.135984021679,-0.2836688540375887
2021-12-24,3894.6505215568127,-1.8271484203418842
2021-12-27,3949.9330582244816,1.4194479417775963
2021-12-28,3983.9739582778893,0.8618095433928552
2021-12-29,3864.3724972095115,-3.002064328755716
2021-12-30,3976.448930040857,2.9002492102476296
2021-12-31,3917.5878916308475,-1.4802412767163209
2022-01-03,3980.6871721640778,1.6106666213674403
2022-01-04,3915.432440063574,-1.639283100586586
2022-01-05,3864.789452013754,-1.2934200455518075
2022-01-06,3875.0945943091015,0.26664175172539384
2022-01-07,3960.314122692609,2.199159951054086
2022-01-10,3972.3341596018936,0.3035122098120846
2022-01-11,3915.570362416879,-1.4289784017239682
2022-01-12,3994.1539757672485,2.0069518889162197
2022-01-13,3880.5865088712117,-2.84334223430186
2022-01-14,3961.796681208574,2.0927293374780165
2022-01-17,3905.988020309097,-1.408670494480091
2022-01-18,3935.3851840633915,0.7526178677826012
2022-01-19,3971.7850821756,0.9249386377631508
2022-01-20,3927.832639501862,-1.106616842663155
2022-01-21,3953.063689710848,0.6423657147516693
2022-01-24,4024.044266539341,1.7955839419750097
2022-01-25,3946.323191758742,-1.9314169932687864
2022-01-26,4018.3905499944362,1.8261899680744653
2022-01-27,3921.5587608145784,-2.4097157300947747
2022-01-28,4005.9724715995035,2.152555040827453
2022-01-31,4052.998852892914,1.1739067511523205
2022-02-01,3858.7763560099347,-4.792068883620548
2022-02-02,3943.951977399055,2.2073220505889557
2022-02-03,4014.0885056878856,1.7783311939584934
2022-02-04,3976.520789182989,-0.9358965665969721
2022-02-07,4006.6685113099843,0.7581432042051306
2022-02-08,3959.3501174619078,-1.1809909832696808
2022-02-09,3995.317025327624,0.9084043289602439
2022-02-10,3984.641833340655,-0.2671926137349123
2022-02-11,4052.2529573495294,1.6967930076714266
2022-02-14,4008.0230555878793,-1.0914891599111742
2022-02-15,4013.620305682859,0.1396511451493776
2022-02-16,3977.5844834292557,-0.8978383481511809
2022-02-17,3975.2361796880336,-0.059038437800762456
2022-02-18,3979.4267406569575,0.1054166539924406
2022-02-21,4022.2154163231335,1.0752472266674307
2022-02-22,3982.8817443194857,-0.9779106271638804
2022-02-23,4019.857870361599,0.9283761963269299
2022-02-24,4110.57732660533,2.2567826816118464
2022-02-25,4051.8016810009235,-1.4298635187808495
2022-02-28,3993.3824283772265,-1.441809279502193
2022-03-01,4071.1824602500956,1.9482239246613853
2022-03-02,3992.156154647101,-1.941114316898973
2022-03-03,3912.0918556955653,-2.005540260701888
2022-03-04,3965.031926064868,1.3532420076544982
2022-03-07,3923.3348047157256,-1.0516213268054297
2022-03-08,4000.7368857212327,1.9728645363753294
2022-03-09,4020.671638039056,0.4982770146412463
2022-03-10,4105.0107438496225,2.0976372457935932
2022-03-11,4038.973406080346,-1.6087007291812228
2022-03-14,4013.1101701079747,-0.6403418238267289
2022-03-15,4066.9736347638727,1.3421875396570249
2022-03-16,3916.3847494105835,-3.7027258811337838
2022-03-17,4040.160401922686,3.160456911970422
2022-03-18,4068.3610928678863,0.6980091912137887
2022-03-21,3957.3266800408255,-2.729217252168492
2022-03-22,4089.881853646444,3.3496141290071835
2022-03-23,4051.0571310170985,-0.9492871437039252
2022-03-24,4014.8060741036174,-0.8948542501640677
2022-03-25,4068.647722260252,1.3410771818824552
2022-03-28,4151.981431001437,2.0481917931909566
2022-03-29,4048.978260020422,-2.4808196446141406
2022-03-30,4053.7341357387945,0.11745866272812044
2022-03-31,4019.7932206030455,-0.8372753120762688
2022-04-01,4001.7072062630978,-0.44992399726557775
2022-04-04,4087.15437471983,2.1352678757455834
2022-04-05,4004.2715517534543,-2.0278857945525197
2022-04-06,4052.092214066147,1.194241241999494
2022-04-07,4026.0691890232015,-0.6422120639952622
2022-04-08,4075.339211805057,1.2237748649771563
2022-04-11,4069.5114849383644,-0.14299979863789947
2022-04-12,4106.143536043192,0.9001584401569174
2022-04-13,4030.2038780438397,-1.8494155728547734
2022-04-14,4043.649110378188,0.3336117164592256
2022-04-15,4009.6428305100217,-0.8409799896061165
2022-04-18,4037.8045124516116,0.7023488907117459
2022-04-19,4080.3223592639392,1.0529941873414828
2022-04-20,4100.744924600244,0.5005135265829574
2022-04-21,4018.225386715376,-2.0123060420031536
2022-04-22,4109.25210808582,2.265346331029283
2022-04-25,4134.991864177065,0.6263854203687469
2022-04-26,4089.3198755542817,-1.1045242680754908
2022-04-27,4163.92608017728,1.8244159638620916
2022-04-28,4032.834988750478,-3.1482569311417907
2022-04-29,4010.729872696366,-0.5481284534520681
2022-05-02,3985.4647545730027,-0.6299381640074819
2022-05-03,4150.641141748955,4.144469901193482
2022-05-04,4109.995368148479,-0.9792649427492806
2022-05-05,4075.936010941534,-0.8286957564696551
2022-05-06,4094.1518349593275,0.44691143258615007
2022-05-09,4025.3171104346975,-1.6812938869746108
2022-05-10,4205.317320936738,4.471702615315243
2022-05-11,4090.928940210938,-2.7200891632196633
2022-05-12,4091.375779998701,0.01092269737004159
2022-05-13,4123.632530619671,0.7884084072321551
2022-05-16,4112.832820167852,-0.26189798367401984
2022-05-17,4101.414718951252,-0.27762133098651054
2022-05-18,4052.134954121311,-1.2015308913345568
2022-05-19,4116.670253906656,1.5926246414796452
2022-05-20,4188.636220029888,1.7481595970660235
2022-05-23,4163.2441566701655,-0.6062131449443786
2022-05-24,4177.070644850666,0.332108511059781
2022-05-25,4073.2886888534167,-2.484563102258952
2022-05-26,4050.8073908183264,-0.5519200761932352
2022-05-27,4095.436444982554,1.1017323179913552
2022-05-30,4105.950195758251,0.25671868961798516
2022-05-31,4159.3116852236435,1.2996136563107719
2022-06-01,4021.417036970635,-3.315323752795274
2022-06-02,4183.955943585686,4.041831650902172
2022-06-03,4101.016191839986,-1.9823285155010528
2022-06-06,4089.010692427845,-0.29274450161961285
2022-06-07,4061.187686318487,-0.6804336843843739
2022-06-08,4030.4882306444874,-0.7559230955373364
2022-06-09,4155.827752592151,3.109785087441419
2022-06-10,4119.773280909755,-0.8675641491615593
2022-06-13,4053.0474967195623,-1.6196469960953253
2022-06-14,4054.229762259715,0.029169792387317983
2022-06-15,4103.632625054669,1.2185511352819534
2022-06-16,4205.311095439925,2.477767375287443
2022-06-17,4110.318610763556,-2.2588693801839255
2022-06-20,4049.57918983211,-1.477730236590158
2022-06-21,4113.8873434399975,1.5880206459317092
2022-06-22,4113.976477313192,0.0021666580961809956
2022-06-23,3994.2064828097764,-2.911295073365039
2022-06-24,4127.774230787245,3.34403713359126
2022-06-27,4120.380406758982,-0.1791237508368515
2022-06-28,4168.175610666366,1.1599706626354678
2022-06-29,4227.251256329243,1.4173022247839562
2022-06-30,4192.569862215643,-0.8204242428616726
2022-07-01,4124.235335366793,-1.629895961059491
2022-07-04,4083.791633613732,-0.9806351593528606
2022-07-05,4269.224078369588,4.540693095836712
2022-07-06,4144.955169064099,-2.9108078429311846
2022-07-07,4144.128871115303,-0.01993502740302855
2022-07-08,4143.6643113204345,-0.011210071146827705
2022-07-11,4156.212962870607,0.3028394823366698
2022-07-12,4140.528863392298,-0.37736515473153487
2022-07-13,4120.501942800763,-0.48368025564560213
2022-07-14,4123.280255239035,0.06742655328986213
2022-07-15,4150.423697946535,0.6582973028091299
2022-07-18,4126.328282056927,-0.5805531589830215
2022-07-19,4119.295390636036,-0.17043945464718657
2022-07-20,4161.697350310769,1.0293498196589868
2022-07-21,4145.065137211412,-0.399649751035247
2022-07-22,4234.451806667868,2.1564599468897994
2022-07-25,4028.141825975364,-4.872176851030252
2022-07-26,4216.703818147417,4.681116016226539
2022-07-27,4225.8708943324555,0.21739910082338998
2022-07-28,4061.335282243447,-3.8935314448360403
2022-07-29,4149.308573316117,2.1661174209698375
2022-08-01,4149.309068876624,1.1943206890130398e-05
2022-08-02,4098.943686596804,-1.21382575854867
2022-08-03,4131.86659610943,0.8032047285812194
2022-08-04,4116.666797371962,-0.36786760617537606
2022-08-05,4261.247270972715,3.512076170290279
2022-08-08,4221.855827615187,-0.9244111137567512
2022-08-09,4240.087821863802,0.4318478648503099
2022-08-10,4214.031829472536,-0.6145153941602199
2022-08-11,4122.933796865792,-2.1617784652126493
2022-08-12,4154.598531268945,0.7680146217051709
2022-08-15,4206.73143180061,1.254824025457446
2022-08-16,4122.594472450896,-2.000055404385548
2022-08-17,4220.788943560393,2.381861028672061
2022-08-18,4174.560911300147,-1.0952462413638342
2022-08-19,4169.274299986853,-0.12663873939373627
2022-08-22,4225.001497930789,1.336616253435552
2022-08-23,4213.104824251196,-0.28157797542602836
2022-08-24,4174.281509542219,-0.9214894081320923
2022-08-25,4251.734467157666,1.8554799775336805
2022-08-26,4141.152969765739,-2.6008561504983096
2022-08-29,4227.441075649226,2.0836734724235084
2022-08-30,4227.737517356713,0.007012320270871619
2022-08-31,4184.0432916488735,-1.0335132095702693
2022-09-01,4217.265423882959,0.7940198013819622
2022-09-02,4139.8412531078675,-1.8358856508444488
2022-09-05,4250.036442043758,2.6618216061585542
2022-09-06,4196.028143417543,-1.2707726007225362
2022-09-07,4180.575258370021,-0.36827410397052285
2022-09-08,4260.600029844098,1.9142047811208984
2022-09-09,4174.370543181395,-2.0238812857037436
2022-09-12,4140.602822046635,-0.8089296526375134
2022-09-13,4134.632587344898,-0.14418757263915394
2022-09-14,4244.202702744655,2.650056881356866
2022-09-15,4151.318896708839,-2.1884865672355702
2022-09-16,4304.518232589151,3.690377436476111
2022-09-19,4114.120212252026,-4.423213238955226
2022-09-20,4304.477660216995,4.626929650671752
2022-09-21,4231.643874318904,-1.6920470181838398
2022-09-22,4217.695504521533,-0.3296205969037569
2022-09-23,4196.7233649308855,-0.49724167067451974
2022-09-26,4245.3642841452165,1.1590213360449075
2022-09-27,4224.9639024626495,-0.48053312547887694
2022-09-28,4283.4488908409985,1.3842719068974496
2022-09-29,4235.433338329554,-1.1209554201548344
2022-09-30,4238.675203125826,0.0765415138737513
2022-10-03,4214.41766359832,-0.5722905947031842
2022-10-04,4231.189152179239,0.3979550656732611
2022-10-05,4250.864680966175,0.465011798794257
2022-10-06,4151.404332045021,-2.339767468169507
2022-10-07,4170.941639728847,0.47061924402342914
2022-10-10,4276.952274691547,2.5416475251759163
2022-10-11,4249.77050105309,-0.6355407283663905
2022-10-12,4233.466221485338,-0.38365082452598287
2022-10-13,4245.025244112521,0.2730392076478516
2022-10-14,4262.9207918836155,0.42156516727229754
2022-10-17,4219.991881756344,-1.0070304428129617
2022-10-18,4209.502788657977,-0.24855718665508508
2022-10-19,4259.648446839256,1.1912489597676545
2022-10-20,4202.3757043599,-1.3445415318687592
2022-10-21,4273.145140182655,1.684034003654955
2022-10-24,4169.04148134132,-2.4362303508578043
2022-10-25,4307.066602575774,3.310715948790377
2022-10-26,4280.676853986424,-0.6127081613636398
2022-10-27,4271.286625737745,-0.21936316542870982
2022-10-28,4309.057847375608,0.8843054785942384
2022-10-31,4344.63517955774,0.8256406259154803
2022-11-01,4313.518119741799,-0.7162180143997499
2022-11-02,4172.19406408059,-3.2763060624321327
2022-11-03,4201.697086466667,0.7071344700879667
2022-11-04,4235.873165074948,0.8133874933145213
2022-11-07,4269.856805626553,0.8022818254286523
2022-11-08,4295.873363295747,0.6093074979683477
2022-11-09,4235.141380770899,-1.4137284176891085
2022-11-10,4282.205068808705,1.1112660430060872
2022-11-11,4236.535743123466,-1.0664908604655743
2022-11-14,4245.167158747814,0.20373758532210573
2022-11-15,4206.84815321128,-0.9026500984200769
2022-11-16,4232.457704904426,0.6087586421106295
2022-11-17,4212.473296085434,-0.4721703136178701
2022-11-18,4232.702022873665,0.48021020826478633
2022-11-21,4335.615934509204,2.4313998736360087
2022-11-22,4236.902059393494,-2.2768131819518422
2022-11-23,4417.42926623324,4.260830302638352
2022-11-24,4311.914217191695,-2.3886075516386995
2022-11-25,4297.928287488675,-0.32435547180548197
2022-11-28,4247.20675145115,-1.1801391890408186
2022-11-29,4326.578293586941,1.868793934005497
2022-11-30,4264.219067460882,-1.4413058517510513
2022-12-01,4300.539608661318,0.8517512966814689
2022-12-02,4423.88150399877,2.8680562571506307
2022-12-05,4292.512441255379,-2.969542982212481
2022-12-06,4356.217261712174,1.4840916905569657
2022-12-07,4265.032933297876,-2.0931997404201708
2022-12-08,4299.8804891856025,0.8170524456133865
2022-12-09,4391.608104648506,2.1332596497414924
2022-12-12,4273.1578791336215,-2.69719480181998
2022-12-13,4396.566819079137,2.8880032855358895
2022-12-14,4342.770147108344,-1.2236063770790229
2022-12-15,4280.697370697138,-1.4293359839119613
2022-12-16,4341.879255600907,1.4292504142568108
2022-12-19,4360.324750285747,0.42482744449987564
2022-12-20,4344.22568507155,-0.3692171142330891
2022-12-21,4236.062110122448,-2.4898240282680173
2022-12-22,4279.654646482007,1.0290816146295567
2022-12-23,4305.073732651956,0.593951808491
2022-12-26,4315.166152130808,0.23443081595342363
2022-12-27,4351.359587619624,0.8387495223316943
2022-12-28,4330.649191945033,-0.4759522916358394
2022-12-29,4256.435083119145,-1.7136947726896334
2022-12-30,4343.6503527612285,2.0490214919047123
2023-01-02,4356.607906631401,0.29831024179780563
2023-01-03,4355.506300920042,-0.02528585851581111
2023-01-04,4382.9939739575,0.6311016708126838
2023-01-05,4372.0892045634955,-0.24879727097043558
2023-01-06,4354.790259953752,-0.395667695702262
2023-01-09,4329.761129575678,-0.5747493882366617
2023-01-10,4251.65952762909,-1.8038316574346847
2023-01-11,4357.626644417799,2.4923707107798565
2023-01-12,4347.968276975605,-0.22164283979140276
2023-01-13,4352.600993633499,0.1065489985845991
2023-01-16,4276.622782138994,-1.745581816611197
2023-01-17,4287.845543065877,0.26242110886547376
2023-01-18,4395.994171909215,2.5222137261504463
2023-01-19,4342.796930706017,-1.2101299301790047
2023-01-20,4380.2878824237605,0.8632904627122073
2023-01-23,4349.066925517933,-0.7127603879896638
2023-01-24,4350.576972842477,0.03472117928753349
2023-01-25,4397.441515322769,1.0772029267114291
2023-01-26,4326.163247769381,-1.6209031389052164
2023-01-27,4358.2096821835785,0.7407587873786481
2023-01-30,4331.728038057557,-0.6076266645517081
2023-01-31,4334.555150277473,0.06526522891276976
2023-02-01,4342.259514631937,0.17774290757313072
2023-02-02,4370.262968543335,0.6449051194898692
2023-02-03,4336.657008034756,-0.7689688412452766
2023-02-06,4424.820404552885,2.0329806197442846
2023-02-07,4318.740392319513,-2.3973857136488808
2023-02-08,4355.565334378701,0.8526778345991248
2023-02-09,4344.36052282934,-0.257252748820469
2023-02-10,4440.134129117016,2.204550146894846
2023-02-13,4379.051132881187,-1.375701599536494
2023-02-14,4422.2537801853205,0.9865755386991415
2023-02-15,4297.82169371632,-2.8137708203572642
2023-02-16,4386.890384817912,2.072414759128227
2023-02-17,4419.4575704619,0.7423751857738914
2023-02-20,4380.52838930078,-0.8808588054178612
2023-02-21,4431.126367746556,1.1550656438926055
2023-02-22,4353.42608564455,-1.7535108605246208
2023-02-23,4451.196039315127,2.245816323676064
2023-02-24,4497.111732643091,1.0315360842886978
2023-02-27,4365.463057596425,-2.9274050295675536
2023-02-28,4362.76801870465,-0.06173546439902644
2023-03-01,4459.150527786854,2.2092054555497675
2023-03-02,4466.898070373783,0.17374480943515014
2023-03-03,4363.214620885865,-2.3211510057860485
2023-03-06,4369.7864405450155,0.1506187577317908
2023-03-07,4378.1447101130625,0.19127409729902123
2023-03-08,4326.449574160654,-1.180754391991612
2023-03-09,4349.177661544438,0.5253288405237644
2023-03-10,4346.341379687325,-0.06521421008370831
2023-03-13,4359.596698926002,0.3049764866751348
2023-03-14,4397.690491968149,0.8737916755357622
2023-03-15,4412.573632120594,0.3384308236249689
2023-03-16,4479.826079290752,1.5241093469943623
2023-03-17,4353.821511769388,-2.8127111475120703
2023-03-20,4454.393492886436,2.3099702375299236
2023-03-21,4395.916089907612,-1.3128028108026601
2023-03-22,4405.580505792546,0.2198498717280284
2023-03-23,4443.232825039779,0.8546505777780267
2023-03-24,4354.793908509613,-1.9904182385349967
2023-03-27,4431.48865605321,1.761156765506855
2023-03-28,4422.12893831094,-0.2112093354788569
2023-03-29,4439.867050256975,0.40112154560583146
2023-03-30,4431.141078408238,-0.19653678251990714
2023-03-31,4540.885812364672,2.476669824194744
2023-04-03,4387.671965312842,-3.3740960108407547
2023-04-04,4394.447275931597,0.15441698176885676
2023-04-05,4391.278256516729,-0.07211417536454601
2023-04-06,4396.0995860362345,0.10979330477067784
2023-04-07,4393.442244785201,-0.0604477036751927
2023-04-10,4486.200586862185,2.111290803630883
2023-04-11,4499.21313186258,0.29005713740266614
2023-04-12,4401.0887639318935,-2.180922864840251
2023-04-13,4389.446459120435,-0.2645323790528842
2023-04-14,4456.073174751247,1.517884230991684
2023-04-17,4406.329403874159,-1.1163140488568257
2023-04-18,4467.025306132263,1.3774708310445138
2023-04-19,4446.963025443332,-0.44911947692325427
2023-04-20,4362.467827807185,-1.900065216479363
2023-04-21,4517.068452779829,3.5438800026716732
2023-04-24,4530.925235524383,0.30676494920121034
2023-04-25,4411.930076501667,-2.6262882929460774
2023-04-26,4424.622592185368,0.28768623853090425
2023-04-27,4459.739098874692,0.7936610627840901
2023-04-28,4463.606827994077,0.08672545710939339
2023-05-01,4481.249361284647,0.39525285201920113
2023-05-02,4550.270533745605,1.540221641251649
2023-05-03,4442.351104588864,-2.371714568538108
2023-05-04,4412.721762892924,-0.6669743340487644
2023-05-05,4385.108822875401,-0.6257575596477327
2023-05-08,4418.96644143531,0.7721044089781248
2023-05-09,4455.294753944996,0.8220997600037583
2023-05-10,4548.117154920856,2.0834177333310944
2023-05-11,4433.946855949437,-2.510276122678401
2023-05-12,4472.4549776394715,0.8684840603888633
2023-05-15,4461.882594410169,-0.23638881290387603
2023-05-16,4523.561562042491,1.382352993993896
2023-05-17,4591.9266788200475,1.5113117361154726
2023-05-18,4440.474778036631,-3.29822123428013
2023-05-19,4443.984403713015,0.0790371717399152
2023-05-22,4522.10257884866,1.757840893194329
2023-05-23,4505.427268632801,-0.36875125951045806
2023-05-24,4565.106219594567,1.3246013619453212
2023-05-25,4503.405421730345,-1.3515741999471365
2023-05-26,4457.682567080973,-1.0152951015412581
2023-05-29,4506.618072311221,1.0977790476070837
2023-05-30,4533.958668962032,0.6066765856816758
2023-05-31,4520.985758149034,-0.2861276813528546
2023-06-01,4506.76350980081,-0.3145829053451066
2023-06-02,4536.171701881184,0.6525346186109005
2023-06-05,4542.740906080289,0.14481824390335518
2023-06-06,4554.822235266162,0.26594801322925576
2023-06-07,4519.587939250048,-0.7735602883315429
2023-06-08,4480.234700011003,-0.8707262646066694
2023-06-09,4497.364447504791,0.38234040492892696
2023-06-12,4551.7923706648235,1.210218202134583
2023-06-13,4452.058297946323,-2.1910945095224843
2023-06-14,4512.776906095611,1.3638322790448631
2023-06-15,4476.114459191877,-0.8124143441305853
2023-06-16,4498.656800111266,0.5036140412606693
2023-06-19,4562.58031125117,1.4209466065142617
2023-06-20,4509.650830678081,-1.1600777841119236
2023-06-21,4503.855863841172,-0.1285014528727313
2023-06-22,4434.97938854065,-1.529277964987541
2023-06-23,4541.723033047287,2.406857736079826
2023-06-26,4538.122722959259,-0.07927189883289998
2023-06-27,4615.449409223757,1.7039355474740114
2023-06-28,4493.335920467115,-2.6457551135238178
2023-06-29,4521.120507754242,0.618350993091088
2023-06-30,4524.070334712863,0.06524548402462305
2023-07-03,4591.9119736717785,1.4995708275879815
2023-07-04,4509.712692220537,-1.790088353664876
2023-07-05,4529.866704284681,0.4469023514271919
2023-07-06,4547.748612638272,0.39475572949370097
2023-07-07,4528.122402466543,-0.4315588182950081
2023-07-10,4497.9084247374785,-0.667251788790113
2023-07-11,4531.372764266201,0.7439977956126498
2023-07-12,4576.788011270553,1.0022403665946644
2023-07-13,4473.218817963291,-2.262923103543757
2023-07-14,4532.631225797469,1.3281802266321696
2023-07-17,4492.414860499446,-0.8872631214542959
2023-07-18,4588.611391848927,2.1413100601039847
2023-07-19,4454.137874319776,-2.9305928536032977
2023-07-20,4503.7892863516645,1.1147255301222847
2023-07-21,4552.0341316247495,1.0712056494136313
2023-07-24,4612.887898489522,1.336847771900418
2023-07-25,4532.762343130435,-1.7369933352450184
2023-07-26,4509.728039005705,-0.5081736561732386
2023-07-27,4632.984027968674,2.7331135690866315
2023-07-28,4467.963638632112,-3.5618596641032507
2023-07-31,4431.862194978199,-0.808006657479543
2023-08-01,4565.241374468151,3.009551597544835
2023-08-02,4519.576099904133,-1.0002817117054974
2023-08-03,4495.055329421509,-0.5425458038674114
2023-08-04,4582.972951799292,1.9558740868512947
2023-08-07,4561.183324279164,-0.4754474387978602
2023-08-08,4522.227516210048,-0.8540724040131065
2023-08-09,4487.85438696962,-0.7600928771764992
2023-08-10,4596.930632473451,2.4304764838300352
2023-08-11,4587.255984113657,-0.21045887208848146
2023-08-14,4551.225291183035,-0.7854519794709969
2023-08-15,4649.954093330667,2.169279607821162
2023-08-16,4505.556164368257,-3.105362463029848
2023-08-17,4484.222303294607,-0.473501168232382
2023-08-18,4527.341317503061,0.9615717351205921
2023-08-21,4561.095579335629,0.745564768931195
2023-08-22,4576.980011775818,0.3482591444071925
2023-08-23,4554.189395573147,-0.4979400422119973
2023-08-24,4585.292127447959,0.6829477031641495
2023-08-25,4506.550545569001,-1.7172642372686342
2023-08-28,4642.753906138467,3.022341793178951
2023-08-29,4567.896276171456,-1.6123540355657773
2023-08-30,4629.30678582677,1.3443936977217241
2023-08-31,4592.016420722528,-0.80552805915588
2023-09-01,4599.155973517612,0.15547751011659727
2023-09-04,4606.244835727814,0.1541339813439624
2023-09-05,4601.580058873349,-0.10127071010821442
2023-09-06,4612.76892802214,0.24315276504240924
2023-09-07,4648.528575691665,0.7752317149963384
2023-09-08,4593.335166826396,-1.187330742762105
2023-09-11,4620.397455377029,0.5891642470612579
2023-09-12,4581.898641939521,-0.8332359674534828
2023-09-13,4659.8294465826375,1.7008408682329001
2023-09-14,4555.44212986348,-2.240153162595082
2023-09-15,4680.746925768263,2.7506615676959223
2023-09-18,4590.130165746785,-1.9359465798635456
2023-09-19,4522.037467329381,-1.483458986098829
2023-09-20,4601.419602337102,1.7554506255474056
2023-09-21,4562.3999578740995,-0.8479914425362223
2023-09-22,4639.922877353559,1.6991697395066119
2023-09-25,4566.697660095283,-1.5781559132301948
2023-09-26,4578.457846555943,0.25752058349348683
2023-09-27,4507.728140825686,-1.5448368883304808
2023-09-28,4581.028020566789,1.626093620802882
2023-09-29,4483.887529354075,-2.1204954603332715
2023-10-02,4527.324513667516,0.9687349209603902
2023-10-03,4645.978546805297,2.6208422387124397
2023-10-04,4648.685981086904,0.05827479086120135
2023-10-05,4632.107010399891,-0.3566377844075541
2023-10-06,4563.923484310461,-1.47197648794265
2023-10-09,4611.324882816104,1.0386107187948301
2023-10-10,4614.968482824954,0.07901416841020747
2023-10-11,4558.6685344761345,-1.2199422067202592
2023-10-12,4693.194843180399,2.951000005525173
2023-10-13,4663.331201777106,-0.6363179539985997
2023-10-16,4609.853037713118,-1.1467803111133934
2023-10-17,4623.683697510609,0.30002387677745546
2023-10-18,4634.196705114539,0.22737298422015328
2023-10-19,4523.128980452228,-2.396698537628572
2023-10-20,4614.295013903692,2.0155523719411983
2023-10-23,4593.9928297861115,-0.43998452756935924
2023-10-24,4579.449200847535,-0.3165792694381109
2023-10-25,4616.913345854265,0.818092817795546
2023-10-26,4722.290845997318,2.282423174298387
2023-10-27,4665.886821874472,-1.1944208004607493
2023-10-30,4606.723888478262,-1.26798903734322
2023-10-31,4665.35013619149,1.2726234333222397
2023-11-01,4708.126928109262,0.9169042123104765
2023-11-02,4685.82899958188,-0.4736050847366613
2023-11-03,4644.01699308853,-0.8923075617373377
2023-11-06,4610.126794863522,-0.7297604267048396
2023-11-07,4678.822958585762,1.4901144107094533
2023-11-08,4665.024221332449,-0.29491898657955096
2023-11-09,4691.547772219029,0.5685619115393115
2023-11-10,4679.98486045802,-0.24646262432791444
2023-11-13,4702.142065296168,0.4734460793956341
2023-11-14,4624.340828108452,-1.654591377872705
2023-11-15,4718.410451124478,2.0342277205052772
2023-11-16,4663.858887233661,-1.1561428251290806
2023-11-17,4759.180109786585,2.0438273296356613
2023-11-20,4622.3958344071225,-2.8741142848992984
2023-11-21,4745.0915746261435,2.6543754497554417
2023-11-22,4669.627082797293,-1.5903695564567943
2023-11-23,4628.5988025997185,-0.8786200583066006
2023-11-24,4638.4135702340045,0.21204619481760556
2023-11-27,4648.028655683285,0.20729254310101197
2023-11-28,4686.692477569377,0.831832691883605
2023-11-29,4693.064113807336,0.13595166033304462
2023-11-30,4639.675498364912,-1.1376067777414622
2023-12-01,4668.5809281050715,0.6230054181665556
2023-12-04,4778.3503348049935,2.3512370973180596
2023-12-05,4759.0521345357165,-0.4038674211204407
2023-12-06,4695.929318670663,-1.3263736996487419
2023-12-07,4677.45146825165,-0.39348655324827897
2023-12-08,4682.991019835433,0.11843097937802582
2023-12-11,4709.103511292322,0.5576028513889053
2023-12-12,4628.7261435521605,-1.7068507317245962
2023-12-13,4668.435104097193,0.8578809658105868
2023-12-14,4599.312886430761,-1.4806292927959541
2023-12-15,4704.141405411184,2.2792213004185102
2023-12-18,4717.978205422337,0.29414081802976444
2023-12-19,4662.897244478511,-1.1674695928124756
2023-12-20,4767.194064914262,2.2367385547526597
2023-12-21,4628.644602755923,-2.9063105103700138
2023-12-22,4618.152301051829,-0.22668194697529342
2023-12-25,4704.031795146599,1.8596072302597966
2023-12-26,4746.602278505487,0.9049786483758648
2023-12-27,4779.881907104053,0.701125281746684
2023-12-28,4674.179468543993,-2.2114027211208143
2023-12-29,4752.495882515285,1.675511488130521
2024-01-01,4698.074576524965,-1.1451100082072618
